currentTankId,notes,breedingTankId,line,batchCode,targetTankNumber,batchId,transferDate,isActive,currentTankNumber,stockingDate,group,fishCount,id,created_date,updated_date,created_by_id,created_by,is_sample
"69baa0c8de84d339494d4221","","69baa0c8de84d339494d4221","Flame","1404Fla","","B158","","true","RD49","2026-04-14","Tetra","","69de2b6e46ceaab13af8e5c7","2026-04-14T11:56:30.945000","2026-04-14T11:56:30.945000","69a077bf27e4fc78664e7b18","nataliekap1@gmail.com","false"
"69baa0c8de84d339494d421e","","69baa0c8de84d339494d421e","Albino","1404Alb","","B157","","true","RD46","2026-04-14","Corydoras","","69de2b022628e81bccbe5064","2026-04-14T11:54:42.194000","2026-04-14T11:54:42.194000","69a077bf27e4fc78664e7b18","nataliekap1@gmail.com","false"
"69baa0c8de84d339494d420d","","69baa0c8de84d339494d420d","Rosy","1404Ros","","B156","","true","RD29","2026-04-14","Barbs","","69de29f903774fde6f8586e1","2026-04-14T11:50:17.926000","2026-04-14T11:50:17.926000","69a077bf27e4fc78664e7b18","nataliekap1@gmail.com","false"
"69baa0c8de84d339494d4208","","69baa0c8de84d339494d4208","Blue","1404Blu","","B155","","true","RD24","2026-04-14","Rainbow Fish","","69de299a9d7e1acf2c65f89c","2026-04-14T11:48:42.307000","2026-04-14T11:48:42.307000","69a077bf27e4fc78664e7b18","nataliekap1@gmail.com","false"
"69baa332bcb32bc29c613fde","","69baa332bcb32bc29c613fde","Bronze","1404Bro","","B154","","true","LR19","2026-04-14","Corydoras","","69de23d938622dcc7aa90b4a","2026-04-14T11:24:09.299000","2026-04-14T11:24:09.299000","69a077bf27e4fc78664e7b18","nataliekap1@gmail.com","false"
"69baa332bcb32bc29c613fd4","","69baa332bcb32bc29c613fd4","Bronze","1404Bro","","B153","","true","LR9","2026-04-14","Corydoras","","69de23b688d20d18cf228701","2026-04-14T11:23:34.042000","2026-04-14T11:23:34.042000","69a077bf27e4fc78664e7b18","nataliekap1@gmail.com","false"
"69baa332bcb32bc29c614004","אנציסטוסים שבקעו ב14.4.","69baa332bcb32bc29c614004","Ancistrus","1404Anc","","B152","","true","LR57","2026-04-14","Ancistrus","","69ddc913ad3dde50f00524d3","2026-04-14T04:56:51.430000","2026-04-14T04:56:51.430000","69a077bf27e4fc78664e7b18","nataliekap1@gmail.com","false"
"69baa332bcb32bc29c613ff7","","69baa332bcb32bc29c613ff7","Zebra Glow","1204Zeb","","B151","","true","LR44","2026-04-12","Zebrafish","","69db28530ec7e7f54c50f1c3","2026-04-12T05:06:27.037000","2026-04-12T05:06:27.037000","69a077bf27e4fc78664e7b18","nataliekap1@gmail.com","false"
"69baa332bcb32bc29c614001","","69baa332bcb32bc29c614001","Zebra Glow","1204Zeb","","B150","","true","LR54","2026-04-12","Zebrafish","","69db284280ffcafd40134927","2026-04-12T05:06:10.592000","2026-04-12T05:06:10.592000","69a077bf27e4fc78664e7b18","nataliekap1@gmail.com","false"
"69baa332bcb32bc29c613fec","","69baa332bcb32bc29c613fec","Zebra Glow","1204Zeb","","B149","","true","LR33","2026-04-12","Zebrafish","","69db281af734e2b17b1a2aa7","2026-04-12T05:05:30.135000","2026-04-12T05:05:30.135000","69a077bf27e4fc78664e7b18","nataliekap1@gmail.com","false"
"69baa332bcb32bc29c613fed","","69baa332bcb32bc29c613fed","Zebra Glow","1204Zeb","","B148","","true","LR34","2026-04-12","Zebrafish","","69db28098ab1f45176f500da","2026-04-12T05:05:13.573000","2026-04-12T05:05:13.573000","69a077bf27e4fc78664e7b18","nataliekap1@gmail.com","false"
"69baa332bcb32bc29c613fee","","69baa332bcb32bc29c613fee","Zebra Glow","1204Zeb","","B147","","true","LR35","2026-04-12","Zebrafish","","69db27f749b61e2b0e6b4baf","2026-04-12T05:04:55.180000","2026-04-12T05:04:55.180000","69a077bf27e4fc78664e7b18","nataliekap1@gmail.com","false"
"69baa332bcb32bc29c613ff3","","69baa332bcb32bc29c613ff3","Zebra Glow","1204Zeb","","B146","","true","LR40","2026-04-12","Zebrafish","","69db27e1c7b94bef29e70c55","2026-04-12T05:04:33.361000","2026-04-12T05:04:33.361000","69a077bf27e4fc78664e7b18","nataliekap1@gmail.com","false"
"69baa332bcb32bc29c613fe4","","69baa332bcb32bc29c613fe4","Zebra Glow","1204Zeb","","B145","","true","LR25","2026-04-12","Zebrafish","","69db27ccabdeab403236df62","2026-04-12T05:04:12.541000","2026-04-12T05:04:12.541000","69a077bf27e4fc78664e7b18","nataliekap1@gmail.com","false"
"69baa332bcb32bc29c613fcf","","69baa332bcb32bc29c613fcf","Zebra Glow","1204Zeb","","B144","","true","LR4","2026-04-12","Zebrafish","","69db27a20885269163a5f2a6","2026-04-12T05:03:30.819000","2026-04-12T05:03:30.819000","69a077bf27e4fc78664e7b18","nataliekap1@gmail.com","false"
"69baa332bcb32bc29c614004","","69baa332bcb32bc29c614004","Mix","0904Mix","","B143","","true","LR57","2026-04-09","Scalar","","69d7a57e3aae3f01014b1fb9","2026-04-09T13:11:26.123000","2026-04-09T13:11:26.123000","69a077bf27e4fc78664e7b18","nataliekap1@gmail.com","false"
"69baa23281211626c8d27b78","","69baa23281211626c8d27b77","Ancistrus","0904Anc","","B142","2026-04-09","true","SC3","2026-04-09","Ancistrus","","69d65bb647250a5bbea01711","2026-04-08T13:44:22.241000","2026-04-09T07:18:27.282000","69a077bf27e4fc78664e7b18","nataliekap1@gmail.com","false"
"69bfb9498cf644d9f1176fa3","","69bfb9498cf644d9f1176fa3","","","","B141","","true","LR1","2026-04-06","Zebrafish","","69d38fab9fed40a1ae4b1c69","2026-04-06T10:49:15.292000","2026-04-06T10:49:15.292000","69a077bf27e4fc78664e7b18","nataliekap1@gmail.com","false"
"69baa332bcb32bc29c613fe9","","69baa332bcb32bc29c613fe9","Zebra","0604Zeb","","B140","","true","LR30","2026-04-06","Zebrafish","","69d38f1cfdf38a97b7c73a76","2026-04-06T10:46:52.080000","2026-04-06T10:46:52.080000","69a077bf27e4fc78664e7b18","nataliekap1@gmail.com","false"
"69baa332bcb32bc29c61400b","","69baa332bcb32bc29c61400b","Harlequin","0604Har","","B139","","true","LR64","2026-04-06","Rasbora","","69d38efb45e7c855c8162d46","2026-04-06T10:46:19.635000","2026-04-06T10:46:19.635000","69a077bf27e4fc78664e7b18","nataliekap1@gmail.com","false"
"69baa332bcb32bc29c61400a","","69baa332bcb32bc29c61400a","Harlequin","0604Har","","B138","","true","LR63","2026-04-06","Rasbora","","69d38eedda652f895a7eb8c6","2026-04-06T10:46:05.159000","2026-04-06T10:46:05.159000","69a077bf27e4fc78664e7b18","nataliekap1@gmail.com","false"
"69baa332bcb32bc29c613fef","","69baa332bcb32bc29c613fef","Harlequin","0604Har","","B137","","true","LR36","2026-04-06","Rasbora","","69d38eda598b73535a1f07a5","2026-04-06T10:45:46.280000","2026-04-06T10:45:46.280000","69a077bf27e4fc78664e7b18","nataliekap1@gmail.com","false"
"69baa332bcb32bc29c613ff0","","69baa332bcb32bc29c613ff0","Harlequin","0604Har","","B136","","true","LR37","2026-04-06","Rasbora","","69d38ec7ad9fa77414640706","2026-04-06T10:45:27.727000","2026-04-06T10:45:27.727000","69a077bf27e4fc78664e7b18","nataliekap1@gmail.com","false"
"69baa332bcb32bc29c613ff1","","69baa332bcb32bc29c613ff1","Harlequin","0604Har","","B135","","true","LR38","2026-04-06","Rasbora","","69d38e9bb2ce203630571a4b","2026-04-06T10:44:43.092000","2026-04-06T10:44:43.092000","69a077bf27e4fc78664e7b18","nataliekap1@gmail.com","false"
"69baa0c8de84d339494d4225","","69baa0c8de84d339494d4225","Boesmani","0604Boe","","B134","","true","RD53","2026-04-06","Rainbow Fish","","69d35659e2000c40d43a41ea","2026-04-06T06:44:41.765000","2026-04-06T06:44:41.765000","69a077bf27e4fc78664e7b18","nataliekap1@gmail.com","false"
"69baa0c8de84d339494d4224","","69baa0c8de84d339494d4224","Boesmani","0604Boe","","B133","","true","RD52","2026-04-06","Rainbow Fish","","69d35636d61a489fbe5afb7e","2026-04-06T06:44:06.474000","2026-04-06T06:44:06.474000","69a077bf27e4fc78664e7b18","nataliekap1@gmail.com","false"
"69baa332bcb32bc29c613fce","","69baa332bcb32bc29c613fce","Neon","0504Neo","","B132","","true","LR3","2026-04-05","Tetra","","69d23347c9a3141559d156b8","2026-04-05T10:02:47.906000","2026-04-05T10:02:47.906000","69a077bf27e4fc78664e7b18","nataliekap1@gmail.com","false"
"69baa332bcb32bc29c613fe8","","69baa332bcb32bc29c613fe8","W.C.","0504W.c","","B131","","true","LR29","2026-04-05","White Cloud","","69d233217ed055c0f87e27c5","2026-04-05T10:02:09.077000","2026-04-05T10:02:09.077000","69a077bf27e4fc78664e7b18","nataliekap1@gmail.com","false"
"69baa332bcb32bc29c613feb","","69baa332bcb32bc29c613feb","W.C.","0504W.c","","B130","","true","LR32","2026-04-05","White Cloud","","69d232f55a093d22fedb16a8","2026-04-05T10:01:25.464000","2026-04-05T10:01:25.464000","69a077bf27e4fc78664e7b18","nataliekap1@gmail.com","false"
"69baa332bcb32bc29c613ff4","","69baa332bcb32bc29c613ff4","Pearl","0104Pea","","B129","","true","LR41","2026-04-01","Gourami","","69d1e5cdf763617ae8a44bee","2026-04-05T04:32:13.754000","2026-04-05T04:32:13.754000","69a077bf27e4fc78664e7b18","nataliekap1@gmail.com","false"
"69baa332bcb32bc29c613fe5","","69baa332bcb32bc29c613fe5","Glow Widow","0104Glo","","B128","","true","LR26","2026-04-01","Tetra","","69d1e539042be9eee5ad603d","2026-04-05T04:29:45.668000","2026-04-05T04:29:45.668000","69a077bf27e4fc78664e7b18","nataliekap1@gmail.com","false"
"69baa332bcb32bc29c613fd0","","69baa332bcb32bc29c613fd0","Red Eye","0104Red","","B127","","true","LR5","2026-04-01","Tetra","","69d1e4ea8303e3b5b13d6458","2026-04-05T04:28:26.737000","2026-04-05T04:28:26.737000","69a077bf27e4fc78664e7b18","nataliekap1@gmail.com","false"
"69ba9f0d05cb2d8c8c1288cc","","69ba9f0d05cb2d8c8c1288cc","","","","B126","","false","FT61","2026-04-04","","","69d137e90536bebadfccd74f","2026-04-04T16:10:17.422000","2026-04-04T16:11:48.208000","69a077bf27e4fc78664e7b18","nataliekap1@gmail.com","false"
"69baa0c8de84d339494d4223","","69baa0c8de84d339494d4223","Harlequin","3103Har","","B125","","true","RD51","2026-03-31","Rasbora","","69cbd583b23bdf5d88e8dc5c","2026-03-31T14:09:07.694000","2026-03-31T14:09:07.694000","69a077bf27e4fc78664e7b18","nataliekap1@gmail.com","false"
"69baa0c8de84d339494d4220","","69baa0c8de84d339494d4220","Tiger","3103Tig","","B124","","true","RD48","2026-03-31","Barbs","","69cbd54a9bba370d819ad986","2026-03-31T14:08:10.604000","2026-03-31T14:08:10.604000","69a077bf27e4fc78664e7b18","nataliekap1@gmail.com","false"
"69baa0c8de84d339494d421c","","69baa0c8de84d339494d421c","Harlequin","3103Har","","B123","","true","RD44","2026-03-31","Rasbora","","69cbd50ad2aac2efbf8c7c8c","2026-03-31T14:07:06.013000","2026-03-31T14:07:06.013000","69a077bf27e4fc78664e7b18","nataliekap1@gmail.com","false"
"69baa0c8de84d339494d420c","","69baa0c8de84d339494d420c","Zebra","3103Zeb","","B122","","true","RD28","2026-03-31","Zebrafish","","69cbd31d7a6bbf2f0ca5f0f5","2026-03-31T13:58:53.908000","2026-03-31T13:58:53.908000","69a077bf27e4fc78664e7b18","nataliekap1@gmail.com","false"
"69baa0c8de84d339494d4208","","69baa0c8de84d339494d4208","","","","B121","","true","RD24","2026-03-31","Rainbow Fish","","69cbd280b601306dfb40c968","2026-03-31T13:56:16.647000","2026-03-31T13:56:16.647000","69a077bf27e4fc78664e7b18","nataliekap1@gmail.com","false"
"69baa0c8de84d339494d4207","","69baa0c8de84d339494d4207","Zebra Glow","3103Zeb","","B120","","true","RD23","2026-03-31","Zebrafish","","69cbd229fc3ae7dece4fe6c5","2026-03-31T13:54:49.055000","2026-03-31T13:54:49.055000","69a077bf27e4fc78664e7b18","nataliekap1@gmail.com","false"
"69baa0c8de84d339494d4206","","69baa0c8de84d339494d4206","Black Ruby","3103Bla","","B119","","true","RD22","2026-03-31","Barbs","","69cbd1bf8ec8f7eb7c80772a","2026-03-31T13:53:03.871000","2026-03-31T13:53:03.871000","69a077bf27e4fc78664e7b18","nataliekap1@gmail.com","false"
"69baa332bcb32bc29c614005","","69baa332bcb32bc29c614005","Serpae","3103Ser","","B118","","true","LR58","2026-03-31","Tetra","","69cbb76561d267ae9ac7bb84","2026-03-31T12:00:37.308000","2026-03-31T12:00:37.308000","69a077bf27e4fc78664e7b18","nataliekap1@gmail.com","false"
"69baa332bcb32bc29c613ff2","","69baa332bcb32bc29c613ff2","Serpae","3103Ser","","B117","","true","LR39","2026-03-31","Tetra","","69cbb73b2c778deada6fd286","2026-03-31T11:59:55.051000","2026-03-31T11:59:55.051000","69a077bf27e4fc78664e7b18","nataliekap1@gmail.com","false"
"69baa0c8de84d339494d420e","","69baa0c8de84d339494d420d","Rosy","0404Ros","","B116","2026-04-04","true","RD30","2026-04-04","Barbs","","69ca1b4152d299b10ac66a40","2026-03-30T06:42:09.757000","2026-04-04T16:32:06.061000","69a077bf27e4fc78664e7b18","nataliekap1@gmail.com","false"
"69baa0c8de84d339494d4201","","69baa0c8de84d339494d4201","Rosy","3003Ros","","B115","","true","RD17","2026-03-30","Barbs","","69ca1b09fa52ef4315862846","2026-03-30T06:41:13.664000","2026-03-30T06:41:13.664000","69a077bf27e4fc78664e7b18","nataliekap1@gmail.com","false"
"69baa0c8de84d339494d4200","","69baa0c8de84d339494d4200","Dwarf Neon","3003Dwa","","B114","","true","RD16","2026-03-30","Rainbow Fish","","69ca1ad948e17d417b98e797","2026-03-30T06:40:25.756000","2026-03-30T06:40:25.756000","69a077bf27e4fc78664e7b18","nataliekap1@gmail.com","false"
"69baa0c8de84d339494d41ff","","69baa0c8de84d339494d41ff","Pacific Blue Eye","3003Pac","","B113","","true","RD15","2026-03-30","Rainbow Fish","","69ca1a652c1fc48c6150b136","2026-03-30T06:38:29.968000","2026-03-30T06:38:29.968000","69a077bf27e4fc78664e7b18","nataliekap1@gmail.com","false"
"69baa332bcb32bc29c613fd3","","69baa332bcb32bc29c613fd3","Zebra Glow","2603Zeb","","B112","","true","LR8","2026-03-26","Zebrafish","","69c52695f3fc68f6f6d3200d","2026-03-26T12:29:09.498000","2026-03-26T12:29:09.498000","69a077bf27e4fc78664e7b18","nataliekap1@gmail.com","false"
"69baa332bcb32bc29c613fe7","","69baa332bcb32bc29c613fe7","Zebra Glow","2603Zeb","","B111","","true","LR28","2026-03-26","Zebrafish","","69c526791f049887dc7abdf4","2026-03-26T12:28:41.670000","2026-03-26T12:28:41.670000","69a077bf27e4fc78664e7b18","nataliekap1@gmail.com","false"
"69baa332bcb32bc29c613fe6","","69baa332bcb32bc29c613fe6","Zebra Glow","2603Zeb","","B110","","true","LR27","2026-03-26","Zebrafish","","69c5264f85affa4ba2338a5c","2026-03-26T12:27:59.592000","2026-03-26T12:27:59.592000","69a077bf27e4fc78664e7b18","nataliekap1@gmail.com","false"
"69baa332bcb32bc29c613fd6","","69baa332bcb32bc29c613fd6","Zebra Glow","2603Zeb","","B109","","true","LR11","2026-03-26","Zebrafish","","69c52633795bc48048c1e31a","2026-03-26T12:27:31.154000","2026-03-26T12:27:31.154000","69a077bf27e4fc78664e7b18","nataliekap1@gmail.com","false"
"69baa332bcb32bc29c613fe2","","69baa332bcb32bc29c613fe2","Zebra Glow","2603Zeb","","B108","","true","LR23","2026-03-26","Zebrafish","","69c5261ee3eaa4e8cfae753d","2026-03-26T12:27:10.119000","2026-03-26T12:27:10.119000","69a077bf27e4fc78664e7b18","nataliekap1@gmail.com","false"
"69baa332bcb32bc29c613fdf","","69baa332bcb32bc29c613fdf","Zebra Glow","2603Zeb","","B107","","true","LR20","2026-03-26","Zebrafish","","69c525fff72a6d3d0873ced0","2026-03-26T12:26:39.574000","2026-03-26T12:26:39.574000","69a077bf27e4fc78664e7b18","nataliekap1@gmail.com","false"
"69baa332bcb32bc29c613fd1","","69baa332bcb32bc29c613fd1","Mix","2603Mix","","B106","","false","LR6","2026-03-26","Gourami","","69c4d5782491fe870232a369","2026-03-26T06:43:04.094000","2026-03-26T06:44:11.316000","69a077bf27e4fc78664e7b18","nataliekap1@gmail.com","false"
"69ba9f0d05cb2d8c8c128892","","69ba9f0d05cb2d8c8c128892","Mix","2503Mix","","B105","","true","FT3","2026-03-25","Platy","","69c3c09552a3b5363046b3a5","2026-03-25T11:01:41.632000","2026-03-25T11:01:41.632000","69a077bf27e4fc78664e7b18","nataliekap1@gmail.com","false"
"69ba9f0d05cb2d8c8c128891","","69ba9f0d05cb2d8c8c128891","Mix","2503Mix","","B104","","true","FT2","2026-03-25","Platy","","69c3bfd2e9ef948e6fb4bb35","2026-03-25T10:58:26.203000","2026-03-25T10:58:26.203000","69a077bf27e4fc78664e7b18","nataliekap1@gmail.com","false"
"69baa23281211626c8d27b76","","69ba9f0d05cb2d8c8c128890","Coral","0804Cor","","B103","2026-04-08","true","SC1","2026-04-08","Platy","","69c3bf759af9f49e29b13e20","2026-03-25T10:56:53.298000","2026-04-08T05:57:03.120000","69a077bf27e4fc78664e7b18","nataliekap1@gmail.com","false"
"69ba9f0d05cb2d8c8c1288b7","","69ba9f0d05cb2d8c8c1288b7","Rosy","2503Ros","","B102","","true","FT40","2026-03-25","Barbs","","69c3ae8a2c945ff0b4ad785e","2026-03-25T09:44:42.483000","2026-03-25T09:44:42.483000","69a077bf27e4fc78664e7b18","nataliekap1@gmail.com","false"
"69ba9f0d05cb2d8c8c1288b3","","69ba9f0d05cb2d8c8c1288b6","Harlequin","3103Har","","B101","2026-03-31","true","FT36","2026-03-31","Rasbora","","69c3ae360182c3c6ee4b419e","2026-03-25T09:43:18.442000","2026-03-31T09:15:09.569000","69a077bf27e4fc78664e7b18","nataliekap1@gmail.com","false"
"69ba9f0d05cb2d8c8c1288b5","","69ba9f0d05cb2d8c8c1288b5","Tuxedo Red","2503Tux","","B100","","true","FT38","2026-03-25","Guppy","","69c3ae04d9e0ede136a81dee","2026-03-25T09:42:28.159000","2026-03-25T09:42:28.159000","69a077bf27e4fc78664e7b18","nataliekap1@gmail.com","false"
"69ba9f0d05cb2d8c8c1288b4","","69ba9f0d05cb2d8c8c1288b4","Mix","2503Mix","","B099","","true","FT37","2026-03-25","Guppy","","69c3adbdc0c7050e50fc2af6","2026-03-25T09:41:17.167000","2026-03-25T09:41:17.167000","69a077bf27e4fc78664e7b18","nataliekap1@gmail.com","false"
"69ba9f0d05cb2d8c8c1288b3","","69ba9f0d05cb2d8c8c1288b3","Harlequin","2503Har","","B098","","true","FT36","2026-03-25","Rasbora","","69c3ad89078620915671c87e","2026-03-25T09:40:25.354000","2026-03-25T09:40:25.354000","69a077bf27e4fc78664e7b18","nataliekap1@gmail.com","false"
"69ba9f0d05cb2d8c8c1288ae","","69ba9f0d05cb2d8c8c1288ae","Dalmatian","2503Dal","","B097","","true","FT31","2026-03-25","Molly","","69c3ad4067e8b049339447b6","2026-03-25T09:39:12.664000","2026-03-25T09:39:12.664000","69a077bf27e4fc78664e7b18","nataliekap1@gmail.com","false"
"69ba9f0d05cb2d8c8c1288ae","","69ba9f0d05cb2d8c8c1288ae","Black","2503Bla","","B096","","true","FT31","2026-03-25","Molly","","69c3ad39e049b7b4e7486ef4","2026-03-25T09:39:05.480000","2026-03-25T09:39:05.480000","69a077bf27e4fc78664e7b18","nataliekap1@gmail.com","false"
"69ba9f0d05cb2d8c8c1288af","","69ba9f0d05cb2d8c8c1288af","Mix","2503Mix","","B095","","true","FT32","2026-03-25","Molly","","69c3ad0b8b8315e8cb078198","2026-03-25T09:38:19.074000","2026-03-25T09:38:19.074000","69a077bf27e4fc78664e7b18","nataliekap1@gmail.com","false"
"69ba9f0d05cb2d8c8c1288b0","","69ba9f0d05cb2d8c8c1288b0","Mix Lyrtail","2503Mix","","B094","","true","FT33","2026-03-25","Molly","","69c3acd700f8ac1ef469f5d6","2026-03-25T09:37:27.094000","2026-03-25T09:37:27.094000","69a077bf27e4fc78664e7b18","nataliekap1@gmail.com","false"
"69ba9f0d05cb2d8c8c1288b1","","69ba9f0d05cb2d8c8c1288b1","Mix","2503Mix","","B093","","true","FT34","2026-03-25","Molly","","69c3ac6c3a6ab6f9eb6bb4c0","2026-03-25T09:35:40.657000","2026-03-25T09:35:40.657000","69a077bf27e4fc78664e7b18","nataliekap1@gmail.com","false"
"69ba9f0d05cb2d8c8c1288b2","","69ba9f0d05cb2d8c8c1288b2","Mix","2503Mix","","B092","","true","FT35","2026-03-25","Molly","","69c3ac5379d327f0d9839b8f","2026-03-25T09:35:15.809000","2026-03-25T09:35:15.809000","69a077bf27e4fc78664e7b18","nataliekap1@gmail.com","false"
"69ba9f0d05cb2d8c8c1288ad","","69ba9f0d05cb2d8c8c1288ad","Mix","2503Mix","","B091","","true","FT30","2026-03-25","Gourami","","69c3ac30090ddbfaca3a2f09","2026-03-25T09:34:40.539000","2026-03-25T09:34:40.539000","69a077bf27e4fc78664e7b18","nataliekap1@gmail.com","false"
"69ba9f0d05cb2d8c8c1288ac","","69ba9f0d05cb2d8c8c1288ac","Mix","2503Mix","","B090","","true","FT29","2026-03-25","Platy","","69c3ac156f5e7eea81485f8c","2026-03-25T09:34:13.115000","2026-03-25T09:34:13.115000","69a077bf27e4fc78664e7b18","nataliekap1@gmail.com","false"
"69ba9f0d05cb2d8c8c1288ab","","69ba9f0d05cb2d8c8c1288ab","Half Black","2503Hal","","B089","","true","FT28","2026-03-25","Guppy","","69c3abe94569f129f4a3cb13","2026-03-25T09:33:29.699000","2026-03-25T09:33:29.699000","69a077bf27e4fc78664e7b18","nataliekap1@gmail.com","false"
"69ba9f0d05cb2d8c8c1288ab","","69ba9f0d05cb2d8c8c1288ab","Full Red","2503Ful","","B088","","true","FT28","2026-03-25","Guppy","","69c3abd92faccd198f13dad8","2026-03-25T09:33:13.806000","2026-03-25T09:33:13.806000","69a077bf27e4fc78664e7b18","nataliekap1@gmail.com","false"
"69ba9f0d05cb2d8c8c1288aa","","69ba9f0d05cb2d8c8c1288aa","Cherry","2503Che","","B087","","true","FT27","2026-03-25","Barbs","","69c3ab9d33a6c72f8d71aa8d","2026-03-25T09:32:13.706000","2026-03-25T09:32:13.706000","69a077bf27e4fc78664e7b18","nataliekap1@gmail.com","false"
"69ba9f0d05cb2d8c8c1288a9","","69ba9f0d05cb2d8c8c1288a9","Cherry","2503Che","","B086","","true","FT26","2026-03-25","Barbs","","69c3ab7378116c5afd970f06","2026-03-25T09:31:31.549000","2026-03-25T09:31:31.549000","69a077bf27e4fc78664e7b18","nataliekap1@gmail.com","false"
"69ba9f0d05cb2d8c8c1288a8","","69ba9f0d05cb2d8c8c1288a8","Mix","2503Mix","","B085","","true","FT25","2026-03-25","Gourami","","69c3ab294569f129f4a3cade","2026-03-25T09:30:17.871000","2026-03-25T09:30:17.871000","69a077bf27e4fc78664e7b18","nataliekap1@gmail.com","false"
"69ba9f0d05cb2d8c8c128890","","69ba9f0d05cb2d8c8c128890","Sun Set Wagtail","2503Sun","","B084","","false","FT1","2026-03-25","Platy","","69c3ab11b15f3b7888bca469","2026-03-25T09:29:53.583000","2026-03-25T09:30:12.685000","6939cb8e222f808c3d88aea9","nirmeshulam8@gmail.com","false"
"69ba9f0d05cb2d8c8c1288a7","","69ba9f0d05cb2d8c8c1288a7","Mix","2503Mix","","B083","","true","FT24","2026-03-25","Gourami","","69c3aade4d28a44d9fabfd52","2026-03-25T09:29:02.822000","2026-03-25T09:29:02.822000","69a077bf27e4fc78664e7b18","nataliekap1@gmail.com","false"
"69ba9f0d05cb2d8c8c1288a6","","69ba9f0d05cb2d8c8c1288a6","Boesmani","2503Boe","","B082","","true","FT23","2026-03-25","Rainbow Fish","","69c3aa911834428b9d4adc47","2026-03-25T09:27:45.144000","2026-03-25T09:27:45.144000","69a077bf27e4fc78664e7b18","nataliekap1@gmail.com","false"
"69ba9f0d05cb2d8c8c1288a5","","69ba9f0d05cb2d8c8c1288a5","Mix","2503Mix","","B081","","true","FT22","2026-03-25","Barbs","","69c3aa43b136cc67695d3630","2026-03-25T09:26:27.398000","2026-03-25T09:26:27.398000","69a077bf27e4fc78664e7b18","nataliekap1@gmail.com","false"
"69c0bee5a4c168ed40f4d964","","69c0bee5a4c168ed40f4d964","Mix","2503Mix","","B080","","true","FT21","2026-03-25","Barbs","","69c3a9d17ce005cc9a550d72","2026-03-25T09:24:33.277000","2026-03-25T09:24:33.277000","69a077bf27e4fc78664e7b18","nataliekap1@gmail.com","false"
"69baa0c8de84d339494d4228","","69baa0c8de84d339494d4228","Cherry","2503Che","","B079","","true","RD56","2026-03-25","Barbs","","69c3a8c839029ce2076d3a15","2026-03-25T09:20:08.420000","2026-03-25T09:20:08.420000","69a077bf27e4fc78664e7b18","nataliekap1@gmail.com","false"
"69baa0c8de84d339494d4227","","69baa0c8de84d339494d4227","Dwarf Neon","2503Dwa","","B078","","true","RD55","2026-03-25","Rainbow Fish","","69c3a8a44d28a44d9fabfa60","2026-03-25T09:19:32.833000","2026-03-25T09:19:32.833000","69a077bf27e4fc78664e7b18","nataliekap1@gmail.com","false"
"69baa0c8de84d339494d4226","","69baa0c8de84d339494d4226","Dwarf Neon","2503Dwa","","B077","","true","RD54","2026-03-25","Rainbow Fish","","69c3a87f1834428b9d4adbe3","2026-03-25T09:18:55.340000","2026-03-25T09:18:55.340000","69a077bf27e4fc78664e7b18","nataliekap1@gmail.com","false"
"69baa130af1bac50ccb8e70d","","69baa0c8de84d339494d4224","Boesmani","3003Boe","","B076","2026-03-30","true","AN4","2026-03-30","Rainbow Fish","","69c3a856bc257ac0bf6d3936","2026-03-25T09:18:14.016000","2026-03-30T09:45:03.145000","69a077bf27e4fc78664e7b18","nataliekap1@gmail.com","false"
"69baa130af1bac50ccb8e70d","","69baa0c8de84d339494d4223","Boesmani","3003Boe","","B075","2026-03-30","true","AN4","2026-03-30","Rainbow Fish","","69c3a81c0b82e6afc8ad8e81","2026-03-25T09:17:16.078000","2026-03-30T09:45:56.386000","69a077bf27e4fc78664e7b18","nataliekap1@gmail.com","false"
"69baa130af1bac50ccb8e70d","","69baa0c8de84d339494d4222","Boesmani","3103Boe","","B074","2026-03-31","true","AN4","2026-03-31","Rainbow Fish","","69c3a7ea6340ac58885c44d2","2026-03-25T09:16:26.635000","2026-03-31T09:08:26.481000","69a077bf27e4fc78664e7b18","nataliekap1@gmail.com","false"
"69baa0c8de84d339494d4221","","69baa0c8de84d339494d4221","","","","B073","","false","RD49","2026-03-25","Corydoras","","69c3a77f721d9c867081a4db","2026-03-25T09:14:39.120000","2026-04-14T11:56:18.504000","69a077bf27e4fc78664e7b18","nataliekap1@gmail.com","false"
"69baa130af1bac50ccb8e717","","69baa0c8de84d339494d4220","W.C.","3003W.C","","B072","2026-03-30","true","AN14","2026-03-30","White Cloud","","69c3a72e717d2c66dfb109a8","2026-03-25T09:13:18.372000","2026-03-30T09:42:59.980000","69a077bf27e4fc78664e7b18","nataliekap1@gmail.com","false"
"69baa0c8de84d339494d421f","","69baa0c8de84d339494d421f","Albino","2503Alb","","B071","","true","RD47","2026-03-25","Corydoras","","69c3a71057d0612ce8b48719","2026-03-25T09:12:48.090000","2026-03-25T09:12:48.090000","69a077bf27e4fc78664e7b18","nataliekap1@gmail.com","false"
"69baa0c8de84d339494d421e","","69baa0c8de84d339494d421e","Albino","2503Alb","","B070","","true","RD46","2026-03-25","Corydoras","","69c3a6f5220675aa017ec7b8","2026-03-25T09:12:21.301000","2026-03-25T09:12:21.301000","69a077bf27e4fc78664e7b18","nataliekap1@gmail.com","false"
"69baa0c8de84d339494d421d","","69baa0c8de84d339494d421d","Pacific Blue Eye","2503Pac","","B069","","true","RD45","2026-03-25","Rainbow Fish","","69c3a6bca402d0a0feddce87","2026-03-25T09:11:24.292000","2026-03-25T09:11:24.292000","69a077bf27e4fc78664e7b18","nataliekap1@gmail.com","false"
"69ba9f0d05cb2d8c8c1288b6","","69baa0c8de84d339494d421c","Harlequin","3103Har","","B068","2026-03-31","true","FT39","2026-03-31","Rasbora","","69c3a65e73d78567f31f7cf5","2026-03-25T09:09:50.633000","2026-03-31T09:18:00.834000","69a077bf27e4fc78664e7b18","nataliekap1@gmail.com","false"
"69baa0c8de84d339494d421b","","69baa0c8de84d339494d421b","Zebra","2503Zeb","","B067","","false","RD43","2026-03-25","Zebrafish","","69c3a62807546ad004aa9278","2026-03-25T09:08:56.008000","2026-04-14T11:52:29.574000","69a077bf27e4fc78664e7b18","nataliekap1@gmail.com","false"
"69baa130af1bac50ccb8e70e","","69baa0c8de84d339494d421a","Flame","3003Fla","","B066","2026-03-30","true","AN5","2026-03-30","Tetra","","69c3a5bdb3f232aeb6e7dff1","2026-03-25T09:07:09.074000","2026-03-30T09:38:36.019000","69a077bf27e4fc78664e7b18","nataliekap1@gmail.com","false"
"69baa0c8de84d339494d4213","","69baa0c8de84d339494d4213","Blue","2503Blu","","B065","","true","RD35","2026-03-25","Rainbow Fish","","69c3a56c67d03d3e494eff64","2026-03-25T09:05:48.852000","2026-03-25T09:05:48.852000","69a077bf27e4fc78664e7b18","nataliekap1@gmail.com","false"
"69baa130af1bac50ccb8e70e","","69baa0c8de84d339494d420c","Flame","3003Fla","","B064","2026-03-30","true","AN5","2026-03-30","Tetra","","69c3a506cb55143aae3bf795","2026-03-25T09:04:06.077000","2026-03-30T09:37:38.489000","69a077bf27e4fc78664e7b18","nataliekap1@gmail.com","false"
"69baa0c8de84d339494d420b","","69baa0c8de84d339494d420b","Black Ruby","2503Bla","","B063","","true","RD27","2026-03-25","Barbs","","69c3a4b467d03d3e494efc5d","2026-03-25T09:02:44.030000","2026-03-25T09:02:44.030000","69a077bf27e4fc78664e7b18","nataliekap1@gmail.com","false"
"69ba9f0d05cb2d8c8c1288b6","","69baa0c8de84d339494d4208","Harlequin","3103Har","","B062","2026-03-31","true","FT39","2026-03-31","Rasbora","","69c3a47a25978ec5a377dfdb","2026-03-25T09:01:46.520000","2026-03-31T09:17:15.893000","69a077bf27e4fc78664e7b18","nataliekap1@gmail.com","false"
"69baa130af1bac50ccb8e710","","69baa0c8de84d339494d4207","Gold","3003Gol","","B061","2026-03-30","true","AN7","2026-03-30","Gourami","","69c3a4230c254f8a2738d702","2026-03-25T09:00:19.987000","2026-03-30T09:36:22.269000","69a077bf27e4fc78664e7b18","nataliekap1@gmail.com","false"
"69baa130af1bac50ccb8e717","","69baa0c8de84d339494d4206","W.C.","3003W.C","","B060","2026-03-30","true","AN14","2026-03-30","White Cloud","","69c3a37faa8ff0cfd7544831","2026-03-25T08:57:35.863000","2026-03-30T09:43:53.317000","69a077bf27e4fc78664e7b18","nataliekap1@gmail.com","false"
"69baa0c8de84d339494d41f5","","69baa0c8de84d339494d41f5","Wagtail","2503Wag","","B059","","true","RD5","2026-03-25","Platy","","69c3a2d07a659a8d557b94b3","2026-03-25T08:54:40.083000","2026-03-25T08:54:40.083000","69a077bf27e4fc78664e7b18","nataliekap1@gmail.com","false"
"69baa0c8de84d339494d41f4","","69baa0c8de84d339494d41f4","Mix","2503Mix","","B058","","true","RD4","2026-03-25","Molly","","69c3a273100c7f432c892d04","2026-03-25T08:53:07.346000","2026-03-25T08:53:07.346000","69a077bf27e4fc78664e7b18","nataliekap1@gmail.com","false"
"69baa0c8de84d339494d41f3","","69baa0c8de84d339494d41f3","Mix","2503Mix","","B057","","true","RD3","2026-03-25","Molly","","69c3a24977735bf087413515","2026-03-25T08:52:25.041000","2026-03-25T08:52:25.041000","69a077bf27e4fc78664e7b18","nataliekap1@gmail.com","false"
"69baa0c8de84d339494d41f2","","69baa0c8de84d339494d41f2","Mix","2503Mix","","B056","","true","RD2","2026-03-25","Molly","","69c3a1957488c5691333dff2","2026-03-25T08:49:25.027000","2026-03-25T08:49:25.027000","69a077bf27e4fc78664e7b18","nataliekap1@gmail.com","false"
"69baa0c8de84d339494d41f1","","69baa0c8de84d339494d41f1","Mix","2503Mix","","B055","","true","RD1","2026-03-25","Molly","","69c3a1497663f9af0f12fba1","2026-03-25T08:48:09.465000","2026-03-25T08:48:09.465000","69a077bf27e4fc78664e7b18","nataliekap1@gmail.com","false"
"69baa130af1bac50ccb8e714","עתודת רבייה","69baa130af1bac50ccb8e714","Harlequin","2503Har","","B054","","true","AN11","2026-03-25","Rasbora","","69c39ec532f8f95af4067309","2026-03-25T08:37:25.619000","2026-03-25T08:37:25.619000","69a077bf27e4fc78664e7b18","nataliekap1@gmail.com","false"
"69c0bee5a4c168ed40f4d964","","69baa130af1bac50ccb8e717","Mix","3003Mix","","B053","2026-03-30","true","FT21","2026-03-30","Barbs","","69c39e3156de0aca6d4a389b","2026-03-25T08:34:57.476000","2026-03-30T09:42:31.730000","69a077bf27e4fc78664e7b18","nataliekap1@gmail.com","false"
"69baa130af1bac50ccb8e716","","69baa130af1bac50ccb8e716","Blue","2503Blu","","B052","","true","AN13","2026-03-25","Rainbow Fish","","69c39dd9e515a4f3346cd77c","2026-03-25T08:33:29.975000","2026-03-25T08:33:29.975000","69a077bf27e4fc78664e7b18","nataliekap1@gmail.com","false"
"69baa130af1bac50ccb8e715","","69baa130af1bac50ccb8e715","Golden Tiger","2503Gol","","B051","","true","AN12","2026-03-25","Barbs","","69c39da3eae7922e9f196d82","2026-03-25T08:32:35.002000","2026-03-25T08:32:35.002000","69a077bf27e4fc78664e7b18","nataliekap1@gmail.com","false"
"69baa130af1bac50ccb8e712","","69baa130af1bac50ccb8e712","Black Ruby","2503Bla","","B050","","false","AN9","2026-03-25","Barbs","","69c39c362bb016e05785b958","2026-03-25T08:26:30.678000","2026-04-14T12:05:22.594000","69a077bf27e4fc78664e7b18","nataliekap1@gmail.com","false"
"69baa130af1bac50ccb8e711","","69baa130af1bac50ccb8e711","Rosy","2503Ros","","B049","","true","AN8","2026-03-25","Barbs","","69c39c0a04864f8b0d67a3b1","2026-03-25T08:25:46.960000","2026-03-25T08:25:46.960000","69a077bf27e4fc78664e7b18","nataliekap1@gmail.com","false"
"69baa130af1bac50ccb8e70f","","69baa130af1bac50ccb8e70f","Rosy","2503Ros","","B048","","true","AN6","2026-03-25","Barbs","","69c39b6870ec9e9f35754c77","2026-03-25T08:23:04.021000","2026-03-25T08:23:04.021000","69a077bf27e4fc78664e7b18","nataliekap1@gmail.com","false"
"69c0bee5a4c168ed40f4d964","","69baa130af1bac50ccb8e70d","Tiger","3003Tig","","B047","2026-03-30","true","FT21","2026-03-30","Barbs","","69c39afa70ec9e9f35754c53","2026-03-25T08:21:14.301000","2026-03-30T09:44:40.267000","69a077bf27e4fc78664e7b18","nataliekap1@gmail.com","false"
"69baa130af1bac50ccb8e70c","","69baa130af1bac50ccb8e70c","Boesmani","2503Boe","","B046","","true","AN3","2026-03-25","Rainbow Fish","","69c39a90b615c34f4c2ee1c0","2026-03-25T08:19:28.284000","2026-03-25T08:19:28.284000","69a077bf27e4fc78664e7b18","nataliekap1@gmail.com","false"
"69baa130af1bac50ccb8e70b","","69baa130af1bac50ccb8e70b","Blue","2503Blu","","B045","","true","AN2","2026-03-25","Rainbow Fish","","69c39a286e348f0ead6419af","2026-03-25T08:17:44.880000","2026-03-25T08:17:44.880000","69a077bf27e4fc78664e7b18","nataliekap1@gmail.com","false"
"69baa130af1bac50ccb8e70a","","69baa130af1bac50ccb8e70a","Blue","2503Blu","","B044","","true","AN1","2026-03-25","Rainbow Fish","","69c39952ac1ed78833bd75a9","2026-03-25T08:14:10.422000","2026-03-25T08:14:10.422000","69a077bf27e4fc78664e7b18","nataliekap1@gmail.com","false"
"69baa332bcb32bc29c613fd0","","69baa332bcb32bc29c613fd0","Zebra Glow","0103Zeb","","B043","","false","LR5","2026-03-01","Zebrafish","","69c3860100668dadcd2f4c19","2026-03-25T06:51:45.247000","2026-03-25T08:22:09.711000","69a077bf27e4fc78664e7b18","nataliekap1@gmail.com","false"
"69baa0c8de84d339494d421a","","69baa332bcb32bc29c613fcf","Flame Orange","3103Fla","","B042","2026-03-31","true","RD42","2026-03-31","Tetra","","69c385c1c1b549de7d5deee7","2026-03-25T06:50:41.425000","2026-03-31T14:03:29.487000","69a077bf27e4fc78664e7b18","nataliekap1@gmail.com","false"
"69baa0c8de84d339494d421a","","69baa332bcb32bc29c613fcf","Flame","3103Fla","","B041","2026-03-31","true","RD42","2026-03-31","Tetra","","69c3855f1d25f16f724e2cd7","2026-03-25T06:49:03.135000","2026-03-31T14:03:29.492000","69a077bf27e4fc78664e7b18","nataliekap1@gmail.com","false"
"69baa0c8de84d339494d421a","","69baa332bcb32bc29c613fce","Flame","3103Fla","","B040","2026-03-31","true","RD42","2026-03-31","Tetra","","69c38545857609a6313a5bdd","2026-03-25T06:48:37.922000","2026-03-31T14:04:55.786000","69a077bf27e4fc78664e7b18","nataliekap1@gmail.com","false"
"69baa0c8de84d339494d4207","","69bfb9498cf644d9f1176fa3","Zebra Glow","0604Zeb","","B039","2026-04-06","true","RD23","2026-04-06","Zebrafish","","69c38511b6c1f270880f711b","2026-03-25T06:47:45.355000","2026-04-06T10:48:19.988000","69a077bf27e4fc78664e7b18","nataliekap1@gmail.com","false"
"69ba9f0d05cb2d8c8c128892","","69ba9f0d05cb2d8c8c128892","Mix","2503Mix","","B038","","false","FT3","2026-03-25","Gourami","","69c361b84f11ab68f6c3d2d3","2026-03-25T04:16:56.962000","2026-03-25T10:59:35.614000","69a077bf27e4fc78664e7b18","nataliekap1@gmail.com","false"
"69ba9f0d05cb2d8c8c128891","","69ba9f0d05cb2d8c8c128891","Snakeskin Flame","2503Sna","","B037","","false","FT2","2026-03-25","Guppy","","69c361204a41c7decc332722","2026-03-25T04:14:24.526000","2026-03-25T10:58:20.551000","69a077bf27e4fc78664e7b18","nataliekap1@gmail.com","false"
"69ba9f0d05cb2d8c8c128891","","69ba9f0d05cb2d8c8c128891","Albino","2503Alb","","B036","","false","FT2","2026-03-25","Corydoras","","69c3607eae91f4e32cf6777a","2026-03-25T04:11:42.146000","2026-03-25T04:13:13.080000","69a077bf27e4fc78664e7b18","nataliekap1@gmail.com","false"
"69ba9f0d05cb2d8c8c128890","","69bfb9498cf644d9f1176fa3","Silver","2403Sil","","B035","2026-03-24","false","FT1","2026-03-24","Guppy","0","69c28ee8c8bc23c070f8999c","2026-03-24T13:17:28.736000","2026-03-25T09:23:20.058000","69a077bf27e4fc78664e7b18","nataliekap1@gmail.com","false"
"69ba9f0d05cb2d8c8c128890","","69bfb9498cf644d9f1176fa3","Ancistrus","2403Anc","","B034","2026-03-24","false","FT1","2026-03-24","Ancistrus","0","69c28e19844e74c0fbf988fd","2026-03-24T13:14:01.072000","2026-03-25T04:09:57.907000","69a077bf27e4fc78664e7b18","nataliekap1@gmail.com","false"
"69baa332bcb32bc29c613fe1","","69baa332bcb32bc29c613fe1","Bronze","2403Bro","","B033","","true","LR22","2026-03-24","Corydoras","0","69c263e65ac8c1b078348e4a","2026-03-24T10:13:58.939000","2026-03-24T10:13:58.939000","69a077bf27e4fc78664e7b18","nataliekap1@gmail.com","false"
"69baa332bcb32bc29c613fdb","","69baa332bcb32bc29c613fdb","Blue Cosby","2403Blu","","B032","","true","LR16","2026-03-24","Gourami","0","69c24686e5c04877b75ed11a","2026-03-24T08:08:38.501000","2026-03-24T08:08:38.502000","69a077bf27e4fc78664e7b18","nataliekap1@gmail.com","false"
"69baa332bcb32bc29c614008","","69baa332bcb32bc29c614008","Gold","1603Gol","","B031","","true","LR61","2026-03-16","Gourami","0","69bd0ada011588fa09841041","2026-03-20T08:52:42.844000","2026-03-20T08:52:42.844000","69a077bf27e4fc78664e7b18","nataliekap1@gmail.com","false"
"69baa332bcb32bc29c613fea","","69baa332bcb32bc29c613fea","Zebra Glow","2003Zeb","","B030","","true","LR31","2026-03-20","Zebrafish","0","69bd0ac24ca4e1f34033b451","2026-03-20T08:52:18.015000","2026-03-20T08:52:18.015000","69a077bf27e4fc78664e7b18","nataliekap1@gmail.com","false"
"69baa332bcb32bc29c613fd8","","69baa332bcb32bc29c613fd8","Zebra Glow","1603Zeb","","B029","","true","LR13","2026-03-16","Zebrafish","0","69bd0a9f26be9f79d09da36a","2026-03-20T08:51:43.179000","2026-03-20T08:51:43.179000","69a077bf27e4fc78664e7b18","nataliekap1@gmail.com","false"
"69baa332bcb32bc29c613fcd","","69baa332bcb32bc29c613fcd","Zebra Glow","1603Zeb","","B028","","true","LR2","2026-03-16","Zebrafish","0","69bd0a7ebada3d103b084cda","2026-03-20T08:51:10.605000","2026-03-20T08:51:10.605000","69a077bf27e4fc78664e7b18","nataliekap1@gmail.com","false"
"69baa332bcb32bc29c613fd1","","69baa332bcb32bc29c613fd1","Mix","1503Mix","","B027","","false","LR6","2026-03-15","Scalar","0","69bd0a37f2b39c0461d0e576","2026-03-20T08:49:59.066000","2026-03-25T08:22:22.530000","69a077bf27e4fc78664e7b18","nataliekap1@gmail.com","false"
"69baa332bcb32bc29c613fda","","69baa332bcb32bc29c613fda","Flame","1503Fla","","B026","","true","LR15","2026-03-15","Tetra","0","69bd0a0a78062fdc0032a69f","2026-03-20T08:49:14.613000","2026-03-20T08:49:14.613000","69a077bf27e4fc78664e7b18","nataliekap1@gmail.com","false"
"69baa332bcb32bc29c613fd7","","69baa332bcb32bc29c613fd7","Flame","1503Fla","","B025","","true","LR12","2026-03-15","Tetra","0","69bd09eb37a57cf0bb88df86","2026-03-20T08:48:43.937000","2026-03-20T08:48:43.937000","69a077bf27e4fc78664e7b18","nataliekap1@gmail.com","false"
"69baa332bcb32bc29c613fd5","","69baa332bcb32bc29c613fd5","Flame","1503Fla","","B024","","true","LR10","2026-03-15","Tetra","0","69bd09bca592996f9c53b891","2026-03-20T08:47:56.738000","2026-03-20T08:47:56.738000","69a077bf27e4fc78664e7b18","nataliekap1@gmail.com","false"
"69b8f9d7768913c35395ee9c","","69b8f9d7768913c35395ee9c","Gold","1603Gol","","B023","","true","L61","2026-03-16","Gourami","0","69b8f9ea27c2882db0a457da","2026-03-17T06:51:22.345000","2026-03-17T06:51:22.345000","69a077bf27e4fc78664e7b18","nataliekap1@gmail.com","false"
"69b8f9aba22d367f1571ef8c","","69b8f9aba22d367f1571ef8c","Zebra Glow","1603Zeb","","B022","","true","L31","2026-03-16","Zebrafish","0","69b8f9bc527effb31b4aaca8","2026-03-17T06:50:36.398000","2026-03-17T06:50:36.398000","69a077bf27e4fc78664e7b18","nataliekap1@gmail.com","false"
"69b6bdee2501b2c625cbf66a","","69b6bdee2501b2c625cbf66a","Zebra Glow","1603Zeb","","B021","","true","L13","2026-03-16","Zebrafish","0","69b8f9884a3a7ce5b63f2326","2026-03-17T06:49:44.863000","2026-03-17T06:49:44.863000","69a077bf27e4fc78664e7b18","nataliekap1@gmail.com","false"
"69b63939063d04f8e9521ac3","","69b63939063d04f8e9521ac3","Zebra Glow","1603Zeb","","B020","","true","L2","2026-03-16","Zebrafish","0","69b8f94bb5cf1430d7c06f47","2026-03-17T06:48:43.559000","2026-03-17T06:48:43.559000","69a077bf27e4fc78664e7b18","nataliekap1@gmail.com","false"
"69b6be76ff63ebda5e7b2dac","","69b6be76ff63ebda5e7b2dac","Ancistrus","1703Anc","","B019","","true","L28","2026-03-17","Ancistrus","0","69b8f92213ed340618d63b31","2026-03-17T06:48:02.910000","2026-03-17T06:48:02.910000","69a077bf27e4fc78664e7b18","nataliekap1@gmail.com","false"
"69b63972cc5721992744a6b5","","69b63972cc5721992744a6b5","Mix","1503Mix","","B018","","true","L6","2026-03-15","Scalar","0","69b8f8fcd79688a0246cb416","2026-03-17T06:47:24.333000","2026-03-17T06:47:24.333000","69a077bf27e4fc78664e7b18","nataliekap1@gmail.com","false"
"69b6bde2174dabc0c3b37237","","69b6bde2174dabc0c3b37237","Flame","1503Fla","","B017","","true","L12","2026-03-15","Tetra","0","69b8f80b10f1e9af45dde61d","2026-03-17T06:43:23.137000","2026-03-17T06:43:23.137000","69a077bf27e4fc78664e7b18","nataliekap1@gmail.com","false"
"69b6bdcc0943356b238e9637","","69b6bdcc0943356b238e9637","Flame","1505Fla","","B016","","true","L10","2026-05-15","Tetra","0","69b8f7cd66754b38e2770cfa","2026-03-17T06:42:21.219000","2026-03-17T06:42:21.219000","69a077bf27e4fc78664e7b18","nataliekap1@gmail.com","false"
"69b6be11d3da9ac63cdd4c23","","69b6be11d3da9ac63cdd4c23","Flame","1503Fla","","B015","","true","L15","2026-03-15","Tetra","0","69b8f6ba63ba0e7abce3c685","2026-03-17T06:37:46.488000","2026-03-17T06:37:46.488000","69a077bf27e4fc78664e7b18","nataliekap1@gmail.com","false"
"69b6f585f38a7b0ec41d7c16","","69b6f585f38a7b0ec41d7c16","Ancistrus","1003Anc","","B014","","true","L30","2026-03-10","Ancistrus","0","69b84b50a1baf5f9eb05f5f6","2026-03-16T18:26:24.037000","2026-03-16T18:26:24.037000","69a077bf27e4fc78664e7b18","nataliekap1@gmail.com","false"
"69b84b7963cbeb0bd0fb7f21","","69b6f585f38a7b0ec41d7c16","Harlequin","1603Har","","B013","2026-03-16","true","A25","2026-03-16","Rasbora","0","69b84b3ea8d72021aafa3e69","2026-03-16T18:26:06.778000","2026-03-16T18:29:56.331000","69a077bf27e4fc78664e7b18","nataliekap1@gmail.com","false"
"69b846f635c49f39dd85dbe6","Artemia ","69b6f585f38a7b0ec41d7c16","Red Eye","1603Red","","B012","2026-03-16","false","PH1","2026-03-16","Tetra","0","69b847229d692d699b10fdc6","2026-03-16T18:08:34.652000","2026-04-07T14:06:55.352000","69a077bf27e4fc78664e7b18","nataliekap1@gmail.com","false"
"69b418674b5867788b20fbe0","Artemia","69b638ed680a2687fe70e90f","Neon","1803Neo","","B011","2026-03-18","true","A2","2026-03-18","Tetra","0","69b84661fbc762db52c5a54f","2026-03-16T18:05:21.036000","2026-03-18T12:14:03.261000","69a077bf27e4fc78664e7b18","nataliekap1@gmail.com","false"
"69b418674b5867788b20fbe0","","69b4186f2a8258c77eed4045","Gold","1803Gol","","B010","2026-03-18","true","A2","2026-03-18","Gourami","0","69b83432ea8b77df75da9918","2026-03-16T16:47:46.345000","2026-03-18T12:14:03.015000","6939cb8e222f808c3d88aea9","nirmeshulam8@gmail.com","false"
"69b6bea85d03e2379b5e6412","","69b6bea85d03e2379b5e6412","Zebra Glow","1603Zeb","","B009","","true","L29","2026-03-16","Zebrafish","0","69b83029ff7adc9557341248","2026-03-16T16:30:33.529000","2026-03-16T16:30:33.529000","6939cb8e222f808c3d88aea9","nirmeshulam8@gmail.com","false"
"69b4186f2a8258c77eed4045","","69b4186f2a8258c77eed4045","Green","1503Gre","","B008","","true","A3","2026-03-15","Swordtail","444","69b6fdf24dc11c15f025bbf2","2026-03-15T18:44:02.178000","2026-03-15T18:44:02.178000","6939cb8e222f808c3d88aea9","nirmeshulam8@gmail.com","false"
"69b418674b5867788b20fbe0","","69b4186f2a8258c77eed4045","Blue Mickey Mouse","1803Blu","","B007","2026-03-18","true","A2","2026-03-18","Platy","0","69b6fde33bcd3545adbe4113","2026-03-15T18:43:47.487000","2026-03-18T12:14:03.272000","6939cb8e222f808c3d88aea9","nirmeshulam8@gmail.com","false"
"69b4186f2a8258c77eed4045","","69b4186f2a8258c77eed4045","Albino","1503Alb","","B006","","true","A3","2026-03-15","Corydoras","23","69b6fce54c63d4aa07ef4446","2026-03-15T18:39:33.655000","2026-03-15T18:39:33.655000","6939cb8e222f808c3d88aea9","nirmeshulam8@gmail.com","false"
"69b418674b5867788b20fbe0","","69b4185d472199da308b1548","Coral Wagtail Shpits","1403Cor","","B005","2026-03-14","true","A2","2026-03-14","Platy","200","69b55eec50041731f3e66a5e","2026-03-14T13:13:16.702000","2026-03-14T13:26:54.403000","6939cb8e222f808c3d88aea9","nirmeshulam8@gmail.com","false"
"69b418674b5867788b20fbe0","","69b4185d472199da308b1548","Boesmani","1403Boe","LD1","B004","2026-03-14","false","A2","2026-03-14","Rainbow Fish","500","69b55ecd8a456246aa912321","2026-03-14T13:12:45.256000","2026-03-15T17:10:45.298000","6939cb8e222f808c3d88aea9","nirmeshulam8@gmail.com","false"
"69b5540b469466739f7447d5","","69b4185d472199da308b1548","Sun Set Wagtail","1403Sun","A2","B003","2026-03-14","true","LD1","2026-03-14","Platy","23","69b421c6b4626a28177eb40e","2026-03-13T14:40:06.885000","2026-03-14T12:45:29.516000","6939cb8e222f808c3d88aea9","nirmeshulam8@gmail.com","false"
"69b418674b5867788b20fbe0","","69b4185d472199da308b1548","Mix","1603Mix","","B002","2026-03-16","false","A2","2026-03-16","Swordtail","41","69b419c9b0dd95908e844c8a","2026-03-13T14:06:01.667000","2026-03-16T16:34:55.247000","6939cb8e222f808c3d88aea9","nirmeshulam8@gmail.com","false"
"69b4186f2a8258c77eed4045","","69b4185d472199da308b1548","Blue Cosby","1303Blu","","B001","2026-03-14","false","A3","2026-03-13","Gourami","60","69b4198f324ef9befa3770c7","2026-03-13T14:05:03.739000","2026-03-15T20:39:02.919000","6939cb8e222f808c3d88aea9","nirmeshulam8@gmail.com","false"